Id,District,Speed (in m/s),Direction_Deg,Direction_Rad,Latitude,Longitude,State
0,Alluri Sitharama Raju,1.2,256,4.468042885105484,17.6697,81.8842,Andhra Pradesh
1,Ananthapuramu,2.1,279,4.869468613064179,14.6819,77.6006,Andhra Pradesh
2,Chittoor,1.1,184,3.2114058236695664,13.215319,79.100032,Andhra Pradesh
3,Eluru,2,235,4.101523742186674,16.7107,81.1035,Andhra Pradesh
4,Guntur,1.8,229,3.9968039870670147,16.297356,80.447394,Andhra Pradesh
5,Kakinada,2.6,207,3.612831551628262,16.9891,82.2475,Andhra Pradesh
6,Krishna,3,235,4.101523742186674,16.189204,81.136184,Andhra Pradesh
7,Kurnool,2.3,285,4.974188368183839,15.834985,78.041533,Andhra Pradesh
8,Nandyal,2.2,268,4.6774823953448035,15.48,78.48,Andhra Pradesh
9,Palnadu,1.6,229,3.9968039870670147,16.2081,79.9455,Andhra Pradesh
10,Prakasam,2.4,196,3.420845333908886,15.514451,80.048738,Andhra Pradesh
11,Sri Potti Sriramulu Nellore,2.3,189,3.2986722862692828,14.4426,79.9865,Andhra Pradesh
12,Srikakulam,3,8,0.13962634015954636,18.296866,83.891833,Andhra Pradesh
13,Visakhapatnam,2.4,183,3.193952531149623,17.724253,83.305865,Andhra Pradesh
14,Vizianagaram,1.9,167,2.914699851,18.124612,83.406912,Andhra Pradesh
15,Ysr Kadapa,1.7,272,4.747295565424577,14.4673,78.8242,Andhra Pradesh
16,Anjaw,1.9,259,4.520402762665314,27.894204,96.790213,Arunachal Pradesh
17,Changlang,1.3,345,6.021385919380437,27.087745,95.731123,Arunachal Pradesh
18,Dibang Valley,2.1,240,4.1887902047863905,28.850861,95.871559,Arunachal Pradesh
19,Dibang Valley,2.1,292,5.096361415823442,28.850861,95.871559,Arunachal Pradesh
20,East Kameng,1.5,206,3.595378259108319,27.333113,93.063248,Arunachal Pradesh
21,East Siang,2.1,182,3.1764992386296798,28.065355,95.333325,Arunachal Pradesh
22,Kra Daadi,1.6,119,2.076941809873252,27.915,93.725,Arunachal Pradesh
23,Kurung Kumey,1.5,112,1.9547687622336491,27.861258,93.499644,Arunachal Pradesh
24,Leparada,1.6,89,1.5533430342749532,27.8333,94.6167,Arunachal Pradesh
25,Lohit,2,228,3.9793506945470716,27.925439,96.166869,Arunachal Pradesh
26,Longding,1.3,313,5.462880558742252,26.858,95.275,Arunachal Pradesh
27,Lower Dibang Valley,2,218,3.8048177693476384,28.1375,95.798781,Arunachal Pradesh
28,Lower Siang,1.6,172,3.001966313430247,27.8333,94.6167,Arunachal Pradesh
29,Lower Subansiri,1.4,176,3.071779484,27.5556,93.812343,Arunachal Pradesh
30,Namsai,1.2,244,4.258603374866164,27.7667,95.8667,Arunachal Pradesh
31,Pakke Kessang,1.9,204,3.5604716740684323,27.161,93.0725,Arunachal Pradesh
32,Papum Pare,1.8,213,3.717551306747922,27.15,93.75,Arunachal Pradesh
33,Shi Yomi,1.2,240,4.1887902047863905,28.5991,94.1378,Arunachal Pradesh
34,Siang,1.7,205,3.5779249665883754,28.3294,94.8872,Arunachal Pradesh
35,Tawang,1.7,200,3.490658503988659,27.587899,91.885444,Arunachal Pradesh
36,Tirap,1.3,324,5.654866776461628,26.991189,95.50663,Arunachal Pradesh
37,Upper Siang,1.9,226,3.944444109507185,28.6186,94.8872,Arunachal Pradesh
38,Upper Subansiri,1.6,132,2.303834612632515,28.029687,94.216858,Arunachal Pradesh
39,West Kameng,1.5,150,2.6179938779914944,27.264281,92.425854,Arunachal Pradesh
40,West Siang,1.8,187,3.263765701229396,28.168599,94.80047,Arunachal Pradesh
41,Baksa,1.2,243,4.241150082346221,26.6974,91.5966,Assam
42,Barpeta,1.5,278,4.852015320544236,26.318438,91.012313,Assam
43,Biswanath,1.7,219,3.822271061867582,26.7329,93.1558,Assam
44,Bongaigaon,1.5,246,4.293509959906051,26.502443,90.564968,Assam
45,Chirang,1.5,238,4.153883619746504,26.5414,90.5401,Assam
46,Darrang,1.2,256,4.468042885105484,26.441811,92.033565,Assam
47,Dhubri,1.6,236,4.118977034706618,26.019042,89.991086,Assam
48,Dima Hasao,1.6,220,3.839724354387525,25.1833,93.0333,Assam
49,Goalpara,1.5,263,4.590215932745087,26.176465,90.631164,Assam
50,Golaghat,1.1,236,4.118977034706618,26.509522,93.974001,Assam
51,Hailakandi,1.4,246,4.293509959906051,24.709416,92.568191,Assam
52,Hojai,0.8,208,3.6302848441482056,26.0006,92.8576,Assam
53,Jorhat,1.3,232,4.049163864626845,26.754666,94.218519,Assam
54,Kamrup,1.3,317,5.532693728822025,26.181061,91.751916,Assam
55,Kamrup Metro,1.2,298,5.201081170943102,26.1445,91.7362,Assam
56,Karbi Anglong,0.9,239,4.171336912266447,25.838215,93.446934,Assam
57,Kokrajhar,1.8,236,4.118977034706618,26.40281,90.273819,Assam
58,Lakhimpur,1.9,187,3.263765701229396,27.236148,94.105136,Assam
59,Marigaon,1.1,270,4.71238898,26.255106,92.337553,Assam
60,Nagaon,1.2,220,3.839724354387525,26.355771,92.686525,Assam
61,Nalbari,1.3,267,4.6600291028248595,26.444776,91.445234,Assam
62,Sonitpur,1.5,213,3.717551306747922,26.623221,92.791733,Assam
63,South Salmara Mancachar,2,230,4.014257279586958,25.8617,89.9231,Assam
64,Sribhumi,1.4,235,4.101523742186674,24.8631,92.3592,Assam
65,Tinsukia,1.1,230,4.014257279586958,27.49208,95.370027,Assam
66,Udalguri,1.6,205,3.5779249665883754,26.7449,92.1332,Assam
67,West Karbi Anglong,1.4,299,5.218534463463046,25.8458,92.5186,Assam
68,Araria,2.6,129,2.251474735072685,26.137794,87.464469,Bihar
69,Arwal,2.1,106,1.8500490071139892,25.2435,84.6644,Bihar
70,Aurangabad,1.8,92,1.6057029118347832,24.749745,84.379225,Bihar
71,Aurangabad,1.8,92,1.6057029118347832,19.885543,75.333441,Bihar
72,Banka,2.3,115,2.007128639793479,24.88,86.92,Bihar
73,Begusarai,2.1,101,1.7627825445142729,25.409515,86.135757,Bihar
74,Bhagalpur,2.3,115,2.007128639793479,25.239305,86.974522,Bihar
75,Bhojpur,2.2,112,1.9547687622336491,25.565465,84.677244,Bihar
76,Buxar,2.2,113,1.9722220547535925,25.5833,83.9833,Bihar
77,Darbhanga,2.3,131,2.2863813201125716,26.164221,85.910612,Bihar
78,Gaya,1.9,86,1.5009831567151235,24.79151,85.004475,Bihar
79,Gopalganj,2.3,130,2.2689280275926285,26.465323,84.444294,Bihar
80,Jamui,1.9,91,1.5882496193148399,24.92,86.22,Bihar
81,Jehanabad,2.1,101,1.7627825445142729,25.212198,84.982009,Bihar
82,Kaimur (Bhabua),1.8,81,1.413716694115407,25.04,83.62,Bihar
83,Katihar,2.4,120,2.0943951023931953,25.537374,87.583497,Bihar
84,Khagaria,2.3,106,1.8500490071139892,25.508751,86.472735,Bihar
85,Kishanganj,2.3,126,2.199114857512855,26.112966,87.9283,Bihar
86,Lakhisarai,2,90,1.5707963267948966,25.1667,86.1167,Bihar
87,Madhepura,2.8,124,2.1642082724729685,25.921099,86.792579,Bihar
88,Madhubani,2.2,135,2.356194490192345,26.356596,86.070431,Bihar
89,Munger,2.2,103,1.7976891295541595,25.37403,86.47675,Bihar
90,Muzaffarpur,2.4,126,2.199114857512855,26.117382,85.406908,Bihar
91,Nalanda,2,92,1.6057029118347832,25.194764,85.521417,Bihar
92,Nawada,1.8,74,1.2915436464758039,24.887955,85.543198,Bihar
93,Pashchim Champaran,2.2,145,2.530727415391778,26.804014,84.510335,Bihar
94,Patna,2.2,114,1.9896753472735358,25.603125,85.119195,Bihar
95,Purbi Champaran,2.3,141,2.4609142453120048,26.65,84.9167,Bihar
96,Purnia,2.5,124,2.1642082724729685,25.777226,87.47066,Bihar
97,Rohtas,1.9,92,1.6057029118347832,24.92088,84.039698,Bihar
98,Saharsa,2.7,122,2.129301687433082,25.872235,86.59889,Bihar
99,Samastipur,2.5,121,2.111848394913139,25.846512,85.779185,Bihar
100,Saran,2.3,119,2.076941809873252,25.777293,84.751385,Bihar
101,Sheikhpura,2,85,1.4835298641951802,25.1439,85.8569,Bihar
102,Sheohar,2.2,138,2.4085543677521746,26.5167,85.3,Bihar
103,Sitamarhi,2,143,2.4958208303518914,26.59391,85.496766,Bihar
104,Siwan,2.4,122,2.129301687433082,26.22132,84.361494,Bihar
105,Supaul,2.6,132,2.303834612632515,26.12,86.6,Bihar
106,Vaishali,2.2,116,2.0245819323134224,25.676599,85.219298,Bihar
107,Chandigarh,1.7,234,4.084070449666731,30.731928,76.785486,Chandigarh
108,Balod,1.9,234,4.084070449666731,20.73,81.2,Chhattisgarh
109,Balodabazar-Bhatapara,2.4,205,3.5779249665883754,21.3005,82.1539,Chhattisgarh
110,Balrampur-Ramanujganj,1.5,146,2.548180707911721,23.606,83.4735,Chhattisgarh
111,Bastar,1.6,217,3.7873644768276953,19.1,81.95,Chhattisgarh
112,Bemetara,2.3,205,3.5779249665883754,21.7,81.55,Chhattisgarh
113,Bijapur,1.5,266,4.642575810304916,16.823754,75.719178,Chhattisgarh
114,Bilaspur,2.3,203,3.543018381548489,31.323902,76.761527,Chhattisgarh
115,Bilaspur,2.3,203,3.543018381548489,22.074605,82.176189,Chhattisgarh
116,Dakshin Bastar Dantewada,1.5,238,4.153883619746504,18.9,81.35,Chhattisgarh
117,Dhamtari,1.8,230,4.014257279586958,20.29,81.55,Chhattisgarh
118,Durg,2.2,223,3.8920842319473548,21.188278,81.275855,Chhattisgarh
119,Gariyaband,1.5,230,4.014257279586958,20.64,82.06,Chhattisgarh
120,Gaurela-Pendra-Marwahi,2,160,2.792526803190927,22.7667,81.9167,Chhattisgarh
121,Janjgir-Champa,2.2,198,3.4557519189487724,22.0183,82.5714,Chhattisgarh
122,Jashpur,2.4,176,3.071779484,22.9,84.1,Chhattisgarh
123,Kabeerdham,1.9,183,3.193952531149623,22.0167,81.25,Chhattisgarh
124,Kondagaon,1.7,238,4.153883619746504,19.6,81.67,Chhattisgarh
125,Korba,1.8,191,3.3335788713091694,22.35,82.6833,Chhattisgarh
126,Korea,1.7,219,3.822271061867582,23.25,82.55,Chhattisgarh
127,Mahasamund,2.1,219,3.822271061867582,21.1,82.1,Chhattisgarh
128,Mungeli,2.1,201,3.5081117965086026,22.0667,81.6833,Chhattisgarh
129,Narayanpur,1.9,267,4.6600291028248595,19.31,81.25,Chhattisgarh
130,Raigarh,1.9,205,3.5779249665883754,21.908949,83.395958,Chhattisgarh
131,Raigarh,1.9,205,3.5779249665883754,18.646539,72.875994,Chhattisgarh
132,Raipur,2.2,217,3.7873644768276953,21.227374,81.629069,Chhattisgarh
133,Rajnandgaon,2.1,228,3.9793506945470716,21.089426,81.034625,Chhattisgarh
134,Sukma,1.4,208,3.6302848441482056,18.4,81.67,Chhattisgarh
135,Surajpur,1.5,199,3.473205211468716,23.22,82.85,Chhattisgarh
136,Surguja,1.7,204,3.5604716740684323,23.118939,83.207362,Chhattisgarh
137,Uttar Bastar Kanker,1.6,255,4.4505895925855405,20.27,81.49,Chhattisgarh
138,Dadra And Nagar Haveli,1.6,256,4.468042885105484,20.2667,73.0167,Dadra And Nagar Haveli And Daman And Diu
139,Daman,2.5,240,4.1887902047863905,20.424388,72.846682,Dadra And Nagar Haveli And Daman And Diu
140,Diu,5.4,207,3.612831551628262,20.713309,70.979548,Dadra And Nagar Haveli And Daman And Diu
141,Central Delhi,2.1,148,2.5830872929516078,28.6448,77.2167,Delhi
142,East Delhi,2.2,146,2.548180707911721,28.6273,77.2784,Delhi
143,New Delhi,2.1,148,2.5830872929516078,28.6139,77.209,Delhi
144,North Delhi,2.2,152,2.652900463031381,28.75,77.1167,Delhi
145,North East Delhi,2.1,149,2.600540585471551,28.6917,77.2673,Delhi
146,North West Delhi,2.1,153,2.670353755551324,28.7505,77.0621,Delhi
147,Shahdara,2.2,147,2.5656340004316642,28.6757,77.2932,Delhi
148,South Delhi,2.3,146,2.548180707911721,28.52,77.22,Delhi
149,South East Delhi,2.2,145,2.530727415391778,28.59,77.26,Delhi
150,South West Delhi,2,150,2.6179938779914944,28.57,77.07,Delhi
151,West Delhi,2.1,150,2.6179938779914944,28.667,77.123,Delhi
152,North Goa,2.8,245,4.276056667386108,15.480081,73.822329,Goa
153,South Goa,2.6,252,4.398229715,15.304936,73.959411,Goa
154,Ahmedabad,4,236,4.118977034706618,23.0225,72.5714,Gujarat
155,Amreli,3.6,209,3.6477381366681487,21.598002,71.216081,Gujarat
156,Anand,3.8,234,4.084070449666731,22.556,72.951,Gujarat
157,Arvalli,3.9,237,4.136430327226561,23.5028,73.2625,Gujarat
158,Banas Kantha,2.8,247,4.310963252425994,24.185024,72.444088,Gujarat
159,Bharuch,3.1,235,4.101523742186674,21.69417,72.978556,Gujarat
160,Bhavnagar,4.2,201,3.5081117965086026,21.77414,72.139722,Gujarat
161,Botad,3.6,201,3.5081117965086026,22.17,71.67,Gujarat
162,Chhotaudepur,2.6,258,4.50294947,22.3108,74.0092,Gujarat
163,Dahod,3.1,266,4.642575810304916,22.8333,74.25,Gujarat
164,Dangs,2,291,5.078908123303499,20.8333,73.6667,Gujarat
165,Devbhumi Dwarka,5.2,214,3.735004599267865,22.25,69.5,Gujarat
166,Gandhinagar,3.9,240,4.1887902047863905,23.235737,72.671374,Gujarat
167,Jamnagar,3.6,219,3.822271061867582,22.471076,70.07265,Gujarat
168,Junagadh,3.2,217,3.7873644768276953,21.522705,70.461296,Gujarat
169,Kachchh,3.9,202,3.5255650890285457,23.251213,69.666108,Gujarat
170,Kheda,3.8,230,4.014257279586958,22.747316,72.695273,Gujarat
171,Mahesana,3.2,244,4.258603374866164,23.60274,72.385689,Gujarat
172,Mahisagar,3.3,238,4.153883619746504,23.167,73.583,Gujarat
173,Morbi,3.4,220,3.839724354387525,22.81,70.83,Gujarat
174,Narmada,2.7,250,4.363323129985824,21.87,73.5,Gujarat
175,Navsari,3,234,4.084070449666731,20.95,72.93,Gujarat
176,Panch Mahals,3.1,255,4.4505895925855405,22.772915,73.60953,Gujarat
177,Patan,3.1,244,4.258603374866164,23.85,72.11,Gujarat
178,Porbandar,4.3,214,3.735004599267865,21.636581,69.59674,Gujarat
179,Rajkot,3.4,219,3.822271061867582,22.295207,70.805355,Gujarat
180,Sabar Kantha,3.5,245,4.276056667386108,23.605115,72.96492,Gujarat
181,Surat,3.4,230,4.014257279586958,21.205128,72.847119,Gujarat
182,Surendranagar,3.4,219,3.822271061867582,22.732978,71.614645,Gujarat
183,Tapi,2.4,258,4.50294947,21.26,73.5,Gujarat
184,Vadodara,4,244,4.258603374866164,22.287726,73.206027,Gujarat
185,Valsad,2.3,242,4.223696789826278,20.631227,72.933378,Gujarat
186,Ambala,1.9,151,2.6354471705114375,30.376076,76.78821,Haryana
187,Bhiwani,2,170,2.9670597283903604,28.791052,76.143875,Haryana
188,Charkhi Dadri,2,167,2.914699851,28.5921,76.2653,Haryana
189,Faridabad,2.2,143,2.4958208303518914,28.427902,77.329409,Haryana
190,Fatehabad,2,175,3.0543261909900767,29.51,75.45,Haryana
191,Gurugram,2.2,146,2.548180707911721,28.4595,77.0266,Haryana
192,Hisar,2.1,177,3.0892327760299634,29.151765,75.725027,Haryana
193,Jhajjar,2,157,2.7401669256310974,28.61,76.65,Haryana
194,Jind,2.2,161,2.8099800957108707,29.318821,76.313347,Haryana
195,Kaithal,2.1,151,2.6354471705114375,29.804185,76.399321,Haryana
196,Karnal,2.3,138,2.4085543677521746,29.692495,76.985142,Haryana
197,Kurukshetra,2.3,136,2.3736477827122884,29.962444,76.838151,Haryana
198,Mahendragarh,1.6,140,2.443460952792061,28.045836,76.11006,Haryana
199,Nuh,2.1,140,2.443460952792061,28.1,77.01,Haryana
200,Palwal,2.1,146,2.548180707911721,28.14,77.33,Haryana
201,Panchkula,1.7,236,4.118977034706618,30.6915,76.8537,Haryana
202,Panipat,2.2,145,2.530727415391778,29.387951,76.968552,Haryana
203,Rewari,2,142,2.478367537831948,28.198138,76.615433,Haryana
204,Rohtak,2.1,161,2.8099800957108707,28.888214,76.587935,Haryana
205,Sirsa,2,27,0.47123889803846897,29.531177,75.026343,Haryana
206,Sonipat,2.2,155,2.705260340591211,28.979449,77.024728,Haryana
207,Yamuna Nagar,1.3,247,4.310963252425994,30.1333,77.2833,Haryana
208,Bilaspur,2.2,256,4.468042885105484,31.323902,76.761527,Himachal Pradesh
209,Bilaspur,2.2,256,4.468042885105484,22.074605,82.176189,Himachal Pradesh
210,Chamba,3.1,255,4.4505895925855405,32.558843,76.126097,Himachal Pradesh
211,Chamba,3.3,275,4.799655442984406,32.558843,76.126097,Himachal Pradesh
212,Hamirpur,2.1,252,4.398229715,31.672705,76.521404,Himachal Pradesh
213,Hamirpur,2.1,252,4.398229715,25.959941,80.117055,Himachal Pradesh
214,Hamirpur,1.9,244,4.258603374866164,31.672705,76.521404,Himachal Pradesh
215,Hamirpur,1.9,244,4.258603374866164,25.959941,80.117055,Himachal Pradesh
216,Kangra,2.6,251,4.380776422505767,32.217751,76.31406,Himachal Pradesh
217,Kinnaur,2.7,330,5.759586531581287,31.546954,78.26285,Himachal Pradesh
218,Kinnaur,2.7,23,0.4014257279586958,31.546954,78.26285,Himachal Pradesh
219,Kullu,3.5,248,4.328416544945937,31.960573,77.107897,Himachal Pradesh
220,Kullu,2.8,242,4.223696789826278,31.960573,77.107897,Himachal Pradesh
221,Lahaul And Spiti,2.9,303,5.288347633542818,32.3333,77.5,Himachal Pradesh
222,Mandi,3,261,4.555309348,31.711956,76.932031,Himachal Pradesh
223,Shimla,1.9,260,4.537856055185257,31.10003,77.171181,Himachal Pradesh
224,Sirmaur,1.6,224,3.9095375244672983,30.525617,77.230732,Himachal Pradesh
225,Solan,1.8,253,4.4156830075456535,30.910522,77.108405,Himachal Pradesh
226,Una,1.7,214,3.735004599267865,31.46426,76.268458,Himachal Pradesh
227,Anantnag,2.5,249,4.345869837,33.738528,75.16328,Jammu And Kashmir
228,Bandipora,2.9,238,4.153883619746504,34.417,74.65,Jammu And Kashmir
229,Baramulla,2.3,203,3.543018381548489,34.2,74.35,Jammu And Kashmir
230,Budgam,2,214,3.735004599267865,34.015,74.72,Jammu And Kashmir
231,Doda,3,233,4.066617157146788,33.15,75.5667,Jammu And Kashmir
232,Ganderbal,2.7,233,4.066617157146788,34.23,74.77,Jammu And Kashmir
233,Jammu,2.6,208,3.6302848441482056,32.727401,74.8456,Jammu And Kashmir
234,Kathua,1.8,211,3.6826447217080354,32.359369,75.516357,Jammu And Kashmir
235,Kathua,1.9,208,3.6302848441482056,32.359369,75.516357,Jammu And Kashmir
236,Kishtwar,3,252,4.398229715,33.31,75.77,Jammu And Kashmir
237,Kulgam,2.1,245,4.276056667386108,33.64,75.02,Jammu And Kashmir
238,Kupwara,2.5,218,3.8048177693476384,34.52,74.25,Jammu And Kashmir
239,Mirpur,1.9,39,0.6806784082777885,33.15,73.75,Jammu And Kashmir
240,Muzaffarabad,3.2,238,4.153883619746504,34.37,73.47,Jammu And Kashmir
241,Poonch,3.1,238,4.153883619746504,33.77,74.1,Jammu And Kashmir
242,Pulwama,2,237,4.136430327226561,33.87,74.9,Jammu And Kashmir
243,Rajouri,2.6,223,3.8920842319473548,33.38,74.3,Jammu And Kashmir
244,Ramban,2.9,226,3.944444109507185,33.25,75.25,Jammu And Kashmir
245,Reasi,3.4,214,3.735004599267865,33.08,74.83,Jammu And Kashmir
246,Samba,2.1,200,3.490658503988659,32.56,75.12,Jammu And Kashmir
247,Shopian,1.9,216,3.7699111843077517,33.72,74.83,Jammu And Kashmir
248,Srinagar,2.6,227,3.961897402027128,34.083627,74.810746,Jammu And Kashmir
249,Udhampur,3.6,224,3.9095375244672983,32.91258,75.108491,Jammu And Kashmir
250,Bokaro,2.5,145,2.530727415391778,23.67,86.15,Jharkhand
251,Chatra,1.8,82,1.4311699866353502,24.21,84.87,Jharkhand
252,Deoghar,2.7,131,2.2863813201125716,24.481265,86.700615,Jharkhand
253,Dhanbad,2.6,149,2.600540585471551,23.797727,86.436225,Jharkhand
254,Dumka,2.6,153,2.670353755551324,24.271014,87.249367,Jharkhand
255,East-Singhbhum,2,164,2.8623399732707004,22.8,86.2,Jharkhand
256,Garhwa,1.3,80,1.3962634015954636,24.17,83.81,Jharkhand
257,Giridih,2.8,136,2.3736477827122884,24.189967,86.313267,Jharkhand
258,Godda,2.2,129,2.251474735072685,24.829078,87.215924,Jharkhand
259,Gumla,2.2,171,2.9845130209103035,23.026635,84.534374,Jharkhand
260,Hazaribagh,2.5,124,2.1642082724729685,23.98,85.35,Jharkhand
261,Jamtara,2.6,153,2.670353755551324,23.959798,86.788385,Jharkhand
262,Khunti,2.6,170,2.9670597283903604,23.07,85.28,Jharkhand
263,Koderma,2.3,99,1.7278759594743862,24.47,85.6,Jharkhand
264,Latehar,1.5,110,1.9198621771937625,23.75162,84.509376,Jharkhand
265,Lohardaga,2.2,148,2.5830872929516078,23.432486,84.681568,Jharkhand
266,Pakur,2.4,153,2.670353755551324,24.78,87.85,Jharkhand
267,Palamu,1.3,77,1.3439035240356338,24.040242,84.069328,Jharkhand
268,Ramgarh,2.1,140,2.443460952792061,23.63,85.52,Jharkhand
269,Ranchi,2.7,156,2.722713633111154,23.363068,85.340321,Jharkhand
270,Sahibganj,2.4,125,2.181661564992912,25.244524,87.632966,Jharkhand
271,Saraikela-Kharsawan,1.8,166,2.897246558310587,22.7,85.93,Jharkhand
272,Simdega,2.3,193,3.368485456349056,22.615172,84.502538,Jharkhand
273,West-Singhbhum,1.6,168,2.9321531433504737,22.45,85.77,Jharkhand
274,Bagalkote,2.7,288,5.026548245743669,16.18,75.7,Karnataka
275,Ballari,2.7,300,5.235987755982989,15.15,76.93,Karnataka
276,Belagavi,3,260,4.537856055185257,15.85,74.5,Karnataka
277,Bengaluru South,2,258,4.50294947,12.97,77.59,Karnataka
278,Bengaluru Urban,2.7,262,4.572762640225143,12.9716,77.5946,Karnataka
279,Bidar,2.9,290,5.061454830783556,17.915869,77.531757,Karnataka
280,Chamarajanagar,1.6,278,4.852015320544236,12.13,76.94,Karnataka
281,Chikkaballapura,3,276,4.817108735504349,13.43,77.72,Karnataka
282,Chikkamagaluru,2.5,272,4.747295565424577,13.21,75.77,Karnataka
283,Chitradurga,3.2,294,5.1312680008633285,14.227245,76.402839,Karnataka
284,Dakshina Kannada,2.6,249,4.345869837,12.863889,74.841219,Karnataka
285,Davanagere,2.9,288,5.026548245743669,14.47,75.92,Karnataka
286,Dharwad,3,261,4.555309348,15.452454,75.012073,Karnataka
287,Gadag,3.3,282,4.9218284906240095,15.43,75.63,Karnataka
288,Hassan,2.6,264,4.607669225,13.008913,76.098149,Karnataka
289,Haveri,2.6,271,4.729842272904633,14.8,75.4,Karnataka
290,Kalaburagi,2.7,277,4.834562028024293,17.33,76.83,Karnataka
291,Kodagu,2.7,252,4.398229715,12.422433,75.744027,Karnataka
292,Kolar,2.6,257,4.485496177625427,13.135759,78.136263,Karnataka
293,Koppal,3,285,4.974188368183839,15.35,76.15,Karnataka
294,Mandya,2,257,4.485496177625427,12.517368,76.898666,Karnataka
295,Mysuru,2.1,258,4.50294947,12.3,76.64,Karnataka
296,Raichur,2.4,285,4.974188368183839,16.207752,77.358779,Karnataka
297,Shivamogga,1.8,282,4.9218284906240095,13.93,75.57,Karnataka
298,Tumakuru,2.7,287,5.009094953223726,13.34,77.1,Karnataka
299,Udupi,2.2,250,4.363323129985824,13.34,74.74,Karnataka
300,Uttara Kannada,2.7,245,4.276056667386108,14.804209,74.131214,Karnataka
301,Vijayapura,3.3,287,5.009094953223726,16.83,75.71,Karnataka
302,Yadgir,2.5,287,5.009094953223726,16.77,77.14,Karnataka
303,Alappuzha,2.4,257,4.485496177625427,9.501632,76.329606,Kerala
304,Ernakulam,2.3,234,4.084070449666731,9.956764,76.292401,Kerala
305,Idukki,2.2,245,4.276056667386108,9.900515,77.176271,Kerala
306,Kannur,2.9,236,4.118977034706618,11.868687,75.36639,Kerala
307,Kasaragod,2.5,237,4.136430327226561,12.498305,74.990213,Kerala
308,Kollam,2.6,258,4.50294947,8.888392,76.609021,Kerala
309,Kottayam,2.1,254,4.4331363000655974,9.595602,76.521426,Kerala
310,Kozhikode,1.8,249,4.345869837,11.239895,75.795215,Kerala
311,Malappuram,1.2,256,4.468042885105484,11.043786,76.085683,Kerala
312,Palakkad,2.3,248,4.328416544945937,10.772089,76.658319,Kerala
313,Pathanamthitta,2.1,263,4.590215932745087,9.294782,76.75528,Kerala
314,Thiruvananthapuram,2.5,240,4.1887902047863905,8.490191,76.917805,Kerala
315,Thrissur,2.8,241,4.2062434973063345,10.522671,76.21865,Kerala
316,Wayanad,2.3,230,4.014257279586958,11.606117,76.088347,Kerala
317,Kargil,2.9,353,6.161012259539984,34.56,76.13,Ladakh
318,Leh Ladakh,2.5,341,5.951572749300664,34.15,77.58,Ladakh
319,Lakshadweep,4.5,76,1.3264502315156905,10.57,72.64,Lakshadweep
320,Agar-Malwa,2.6,252,4.398229715,23.71,76.01,Madhya Pradesh
321,Alirajpur,2.9,265,4.625122517784973,22.3,74.35,Madhya Pradesh
322,Anuppur,1.4,147,2.5656340004316642,23.097789,81.701139,Madhya Pradesh
323,Ashoknagar,2.5,245,4.276056667386108,24.57,77.72,Madhya Pradesh
324,Balaghat,1.9,201,3.5081117965086026,21.815447,80.1932,Madhya Pradesh
325,Barwani,2.3,266,4.642575810304916,22.03,74.9,Madhya Pradesh
326,Betul,2.1,257,4.485496177625427,21.903513,77.902064,Madhya Pradesh
327,Bhind,2.3,168,2.9321531433504737,26.564114,78.789336,Madhya Pradesh
328,Bhopal,3,238,4.153883619746504,23.266323,77.414303,Madhya Pradesh
329,Burhanpur,2.3,229,3.9968039870670147,21.33186,76.20459,Madhya Pradesh
330,Chhatarpur,2.2,173,3.019419606,24.915425,79.592243,Madhya Pradesh
331,Chhindwara,2.5,214,3.735004599267865,22.057572,78.940098,Madhya Pradesh
332,Damoh,1.7,224,3.9095375244672983,23.824248,79.455215,Madhya Pradesh
333,Datia,2.1,234,4.084070449666731,25.673026,78.458158,Madhya Pradesh
334,Dewas,2.9,248,4.328416544945937,22.962736,76.071156,Madhya Pradesh
335,Dhar,3.5,258,4.50294947,22.598554,75.314536,Madhya Pradesh
336,Dindori,1.7,228,3.9793506945470716,22.95,81.08,Madhya Pradesh
337,Guna,2.8,261,4.555309348,24.644351,77.313136,Madhya Pradesh
338,Gwalior,2,172,3.001966313430247,26.222524,78.168463,Madhya Pradesh
339,Harda,2.4,246,4.293509959906051,22.33,77.1,Madhya Pradesh
340,Indore,3,248,4.328416544945937,22.716881,75.867271,Madhya Pradesh
341,Jabalpur,1.6,228,3.9793506945470716,23.172246,79.937619,Madhya Pradesh
342,Jhabua,2.9,266,4.642575810304916,22.769906,74.599553,Madhya Pradesh
343,Katni,1.3,219,3.822271061867582,23.83,80.4,Madhya Pradesh
344,Khandwa (East Nimar),2.5,241,4.2062434973063345,21.83,76.33,Madhya Pradesh
345,Khargone (West Nimar),2.6,265,4.625122517784973,21.82,75.61,Madhya Pradesh
346,Mandla,1.6,213,3.717551306747922,22.605889,80.370917,Madhya Pradesh
347,Mandsaur,3,257,4.485496177625427,24.063675,75.074883,Madhya Pradesh
348,Morena,2,176,3.071779484,26.500863,78.001752,Madhya Pradesh
349,Narmadapuram,2,234,4.084070449666731,22.75,77.72,Madhya Pradesh
350,Narsimhapur,1.5,241,4.2062434973063345,22.948386,79.193312,Madhya Pradesh
351,Neemuch,2.7,249,4.345869837,24.47,74.87,Madhya Pradesh
352,Niwari,2,177,3.0892327760299634,25.39,78.8,Madhya Pradesh
353,Panna,1.9,175,3.0543261909900767,24.719464,80.189266,Madhya Pradesh
354,Raisen,2.4,239,4.171336912266447,23.33011,77.780588,Madhya Pradesh
355,Rajgarh,2.4,258,4.50294947,24.005868,76.739744,Madhya Pradesh
356,Ratlam,3.7,261,4.555309348,23.327034,75.040755,Madhya Pradesh
357,Rewa,1.7,151,2.6354471705114375,24.540725,81.288305,Madhya Pradesh
358,Sagar,2.3,234,4.084070449666731,23.837188,78.749867,Madhya Pradesh
359,Satna,1.6,152,2.652900463031381,24.566488,80.833433,Madhya Pradesh
360,Sehore,3.2,237,4.136430327226561,23.206208,77.085006,Madhya Pradesh
361,Seoni,2.4,203,3.543018381548489,22.088143,79.548337,Madhya Pradesh
362,Shahdol,1.2,200,3.490658503988659,23.294345,81.360684,Madhya Pradesh
363,Shajapur,2.5,245,4.276056667386108,23.423091,76.280682,Madhya Pradesh
364,Sheopur,1.9,259,4.520402762665314,25.66,76.7,Madhya Pradesh
365,Shivpuri,2.3,224,3.9095375244672983,25.42602,77.653283,Madhya Pradesh
366,Sidhi,1.5,145,2.530727415391778,24.409558,81.883792,Madhya Pradesh
367,Singrauli,1.4,141,2.4609142453120048,24.2,82.67,Madhya Pradesh
368,Tikamgarh,1.8,198,3.4557519189487724,24.743252,78.831962,Madhya Pradesh
369,Ujjain,3,254,4.4331363000655974,23.185696,75.779601,Madhya Pradesh
370,Umaria,1.2,243,4.241150082346221,23.53,80.83,Madhya Pradesh
371,Vidisha,2.3,239,4.171336912266447,23.531456,77.812138,Madhya Pradesh
372,Ahilyanagar,2.6,262,4.572762640225143,19.09,74.75,Maharashtra
373,Akola,2.4,257,4.485496177625427,20.710576,77.00373,Maharashtra
374,Amravati,2.4,242,4.223696789826278,20.937346,77.760249,Maharashtra
375,Beed,2.3,279,4.869468613064179,18.99,75.76,Maharashtra
376,Bhandara,2.4,223,3.8920842319473548,21.169245,79.657152,Maharashtra
377,Buldhana,2.5,256,4.468042885105484,20.53,76.18,Maharashtra
378,Chandrapur,1.9,237,4.136430327226561,19.951685,79.295823,Maharashtra
379,Chhatrapati Sambhajinagar,2.4,261,4.555309348,19.88,75.34,Maharashtra
380,Dharashiv,3.8,267,4.6600291028248595,18.19,76.04,Maharashtra
381,Dhule,1.9,269,4.694935687864747,20.90441,74.781243,Maharashtra
382,Gadchiroli,2.1,239,4.171336912266447,20.184794,80.007887,Maharashtra
383,Gondia,1.9,214,3.735004599267865,21.46,80.2,Maharashtra
384,Hingoli,2.9,266,4.642575810304916,19.72,77.15,Maharashtra
385,Jalgaon,2.4,256,4.468042885105484,21.009559,75.570044,Maharashtra
386,Jalna,2.5,257,4.485496177625427,19.848844,75.901627,Maharashtra
387,Kolhapur,2,247,4.310963252425994,16.694394,74.22406,Maharashtra
388,Latur,3.2,272,4.747295565424577,18.401122,76.576955,Maharashtra
389,Mumbai,2.5,236,4.118977034706618,18.987074,72.830007,Maharashtra
390,Mumbai Suburban,2.4,236,4.118977034706618,19.13,72.85,Maharashtra
391,Nagpur,2.4,220,3.839724354387525,21.148204,79.096814,Maharashtra
392,Nanded,2.3,277,4.834562028024293,19.159314,77.313188,Maharashtra
393,Nandurbar,2.4,283,4.939281783143953,21.37,74.24,Maharashtra
394,Nashik,2.1,282,4.9218284906240095,20.006006,73.795878,Maharashtra
395,Palghar,2,240,4.1887902047863905,19.7,72.77,Maharashtra
396,Parbhani,2.4,279,4.869468613064179,19.268358,76.777025,Maharashtra
397,Pune,1.7,273,4.764748858,18.525994,73.862602,Maharashtra
398,Raigad,2.4,238,4.153883619746504,18.51,73.18,Maharashtra
399,Ratnagiri,3.3,242,4.223696789826278,16.990597,73.297537,Maharashtra
400,Sangli,2.6,255,4.4505895925855405,16.860757,74.57878,Maharashtra
401,Satara,1.9,252,4.398229715,17.690393,74.010744,Maharashtra
402,Sindhudurg,2.4,244,4.258603374866164,16.107985,73.714977,Maharashtra
403,Solapur,3.3,269,4.694935687864747,17.672099,75.907906,Maharashtra
404,Solapur,2.6,268,4.6774823953448035,17.672099,75.907906,Maharashtra
405,Thane,1.7,240,4.1887902047863905,19.205931,72.971198,Maharashtra
406,Wardha,2.7,232,4.049163864626845,20.735221,78.604456,Maharashtra
407,Washim,3.2,264,4.607669225,20.1,77.1,Maharashtra
408,Yavatmal,2.8,248,4.328416544945937,20.3876,78.131472,Maharashtra
409,Bishnupur,0.9,244,4.258603374866164,24.632371,93.764667,Manipur
410,Chandel,0.9,114,1.9896753472735358,24.320947,93.989857,Manipur
411,Churachandpur,0.9,305,5.323254218582705,24.334438,93.658102,Manipur
412,Imphal East,1,233,4.066617157146788,24.81,93.98,Manipur
413,Imphal West,1,233,4.066617157146788,24.817,93.89,Manipur
414,Jiribam,1.1,262,4.572762640225143,24.8054,93.1118,Manipur
415,Kakching,0.8,217,3.7873644768276953,24.4842,93.9744,Manipur
416,Kamjong,1.1,329,5.742133239061344,24.9912,94.4983,Manipur
417,Kangpokpi,1.3,301,5.253441048502932,25.1511,93.9785,Manipur
418,Noney,1,262,4.572762640225143,24.8105,93.6163,Manipur
419,Pherzawl,0.9,302,5.270894341022875,24.2641,93.1812,Manipur
420,Senapati,1.2,303,5.288347633542818,25.302888,94.048471,Manipur
421,Tamenglong,1.1,244,4.258603374866164,24.996325,93.502375,Manipur
422,Tengnoupal,1,153,2.670353755551324,24.3285,94.1481,Manipur
423,Thoubal,0.9,225,3.9269908169872414,24.637889,94.006052,Manipur
424,Ukhrul,1.2,338,5.899212871740834,25.091234,94.363891,Manipur
425,East Garo Hills,1.4,231,4.031710572106901,25.528369,90.593784,Meghalaya
426,East Jaintia Hills,1.6,220,3.839724354387525,25.3533,92.3486,Meghalaya
427,East Khasi Hills,1.4,296,5.1661745859032155,25.588025,91.887356,Meghalaya
428,North Garo Hills,1.4,267,4.6600291028248595,25.9032,90.5756,Meghalaya
429,Ri Bhoi,1.6,312,5.445427266222308,25.8973,91.8845,Meghalaya
430,South Garo Hills,1.2,218,3.8048177693476384,25.3217,90.6277,Meghalaya
431,South West Garo Hills,1.7,216,3.7699111843077517,25.4851,89.9676,Meghalaya
432,South West Khasi Hills,1.6,241,4.2062434973063345,25.3142,91.2404,Meghalaya
433,West Garo Hills,1.6,224,3.9095375244672983,25.505214,90.280827,Meghalaya
434,West Jaintia Hills,1.6,247,4.310963252425994,25.5076,92.2104,Meghalaya
435,West Khasi Hills,1.7,283,4.939281783143953,25.518083,91.269445,Meghalaya
436,Aizawl,1.1,301,5.253441048502932,23.748659,92.728016,Mizoram
437,Champhai,1.1,317,5.532693728822025,23.4566,93.3282,Mizoram
438,Kolasib,1.1,289,5.044001538263612,24.225,92.6784,Mizoram
439,Lawngtlai,1.2,260,4.537856055185257,22.5284,92.8625,Mizoram
440,Lunglei,1.3,260,4.537856055185257,22.888359,92.746609,Mizoram
441,Mamit,1,299,5.218534463463046,23.9264,92.4892,Mizoram
442,Serchhip,1.2,278,4.852015320544236,23.3411,92.8502,Mizoram
443,Siaha,1.2,267,4.6600291028248595,22.4811,92.9793,Mizoram
444,Dimapur,1,274,4.782202150464463,25.9061,93.727,Nagaland
445,Kiphire,0.9,55,0.9599310885968813,25.8916,94.7865,Nagaland
446,Kohima,1.1,354,6.178465552059927,25.684924,94.118903,Nagaland
447,Longleng,1,295,5.1487212933832724,26.4719,94.8105,Nagaland
448,Mokokchung,0.9,315,5.497787143782138,26.321208,94.519572,Nagaland
449,Mon,1.2,310,5.410520681182422,26.723923,95.031768,Nagaland
450,Peren,1.1,302,5.270894341022875,25.5186,93.738,Nagaland
451,Phek,0.9,19,0.33161255787892263,25.701797,94.465739,Nagaland
452,Tuensang,0.8,344,6.003932626860494,26.229854,94.814512,Nagaland
453,Wokha,1.1,312,5.445427266222308,26.0917,94.258877,Nagaland
454,Zunheboto,0.9,347,6.056292504420323,26.009562,94.521241,Nagaland
455,Anugul,1.3,199,3.473205211468716,20.8506,85.1036,Odisha
456,Balangir,1.4,190,3.3161255787892263,20.705399,83.496116,Odisha
457,Baleshwar,2.4,174,3.036872898470133,21.492432,86.922744,Odisha
458,Bargarh,1.7,206,3.595378259108319,21.332,83.6231,Odisha
459,Bhadrak,2.2,174,3.036872898470133,21.0574,86.505,Odisha
460,Boudh,1.4,204,3.5604716740684323,20.84,84.33,Odisha
461,Cuttack,2.1,187,3.263765701229396,20.478116,85.85389,Odisha
462,Deogarh,1.6,220,3.839724354387525,21.5369,84.7317,Odisha
463,Dhenkanal,1.5,193,3.368485456349056,20.654734,85.588016,Odisha
464,Gajapati,1.8,178,3.1066860685499065,18.8413,84.1481,Odisha
465,Ganjam,2.6,174,3.036872898470133,19.350441,84.985993,Odisha
466,Ganjam,1.3,164,2.8623399732707004,19.350441,84.985993,Odisha
467,Jagatsinghapur,2.6,183,3.193952531149623,20.2648,86.4385,Odisha
468,Jajapur,2.1,176,3.071779484,20.8407,86.2081,Odisha
469,Jharsuguda,2,213,3.717551306747922,21.8485,84.0204,Odisha
470,Kalahandi,1,289,5.044001538263612,19.910373,83.176494,Odisha
471,Kandhamal,1.7,165,2.8797932657906435,20.467657,84.240574,Odisha
472,Kendrapara,2.7,203,3.543018381548489,20.5054,86.4259,Odisha
473,Kendujhar,1.9,198,3.4557519189487724,21.644926,85.583459,Odisha
474,Khordha,1.9,184,3.2114058236695664,20.1883,85.6186,Odisha
475,Koraput,1.4,242,4.223696789826278,18.80694,82.719909,Odisha
476,Malkangiri,1.3,235,4.101523742186674,18.3436,81.8845,Odisha
477,Mayurbhanj,2.1,169,2.949606435870417,21.944929,86.725858,Odisha
478,Nabarangpur,1.4,223,3.8920842319473548,19.2315,82.3524,Odisha
479,Nayagarh,1.2,181,3.1590459461097367,20.1264,85.1051,Odisha
480,Nuapada,1.5,212,3.7000980142279785,20.3275,82.5255,Odisha
481,Puri,2.4,189,3.2986722862692828,19.79549,85.838807,Odisha
482,Rayagada,1.2,146,2.548180707911721,19.1689,83.4144,Odisha
483,Sambalpur,1.7,217,3.7873644768276953,21.466623,83.986047,Odisha
484,Sundargarh,2.1,201,3.5081117965086026,22.128217,84.048498,Odisha
485,Karaikal,5.5,208,3.6302848441482056,10.917964,79.837646,Puducherry
486,Puducherry,5,194,3.385938748868999,11.9416,79.8083,Puducherry
487,Yanam,2.9,215,3.7524578917878086,16.734771,82.213971,Puducherry
488,Amritsar,2,135,2.356194490192345,31.623088,74.87248,Punjab
489,Barnala,2.2,155,2.705260340591211,30.3742,75.5471,Punjab
490,Bathinda,2.1,161,2.8099800957108707,30.293282,74.951926,Punjab
491,Faridkot,2,154,2.6878070480712677,30.67333,74.758547,Punjab
492,Fatehgarh Sahib,2.1,164,2.8623399732707004,30.6558,76.398,Punjab
493,Fazilka,2,155,2.705260340591211,30.402,74.0254,Punjab
494,Ferozepur,2,152,2.652900463031381,30.9158,74.6063,Punjab
495,Gurdaspur,1.6,155,2.705260340591211,32.045131,75.408744,Punjab
496,Hoshiarpur,1.7,197,3.4382986264288293,31.535053,75.914418,Punjab
497,Jalandhar,1.8,161,2.8099800957108707,31.339673,75.581698,Punjab
498,Kapurthala,1.8,149,2.600540585471551,31.379585,75.385678,Punjab
499,Kapurthala,1.8,148,2.5830872929516078,31.379585,75.385678,Punjab
500,Kapurthala,1.8,170,2.9670597283903604,31.379585,75.385678,Punjab
501,Ludhiana,2.1,154,2.6878070480712677,30.908679,75.851626,Punjab
502,Mansa,2.1,167,2.914699851,29.988,75.3895,Punjab
503,Moga,2.1,154,2.6878070480712677,30.8165,75.1722,Punjab
504,Pathankot,1.8,227,3.961897402027128,32.2733,75.6522,Punjab
505,Patiala,2.3,158,2.7576202181510405,30.317367,76.407038,Punjab
506,Rupnagar,1.6,215,3.7524578917878086,30.964466,76.526375,Punjab
507,Sangrur,2.2,160,2.792526803190927,30.241479,75.841924,Punjab
508,Shahid Bhagat Singh Nagar,1.9,100,1.7453292519943295,31.1256,76.1267,Punjab
509,Sri Muktsar Sahib,2.1,156,2.722713633111154,30.4746,74.5126,Punjab
510,Tarn Taran,2,138,2.4085543677521746,31.452,74.9214,Punjab
511,Ajmer,2.4,253,4.4156830075456535,26.460578,74.641756,Rajasthan
512,Alwar,1.7,152,2.652900463031381,27.566581,76.610602,Rajasthan
513,Banswara,3,254,4.4331363000655974,23.545683,74.448134,Rajasthan
514,Baran,2.2,268,4.6774823953448035,25.1011,76.5132,Rajasthan
515,Barmer,3,225,3.9269908169872414,25.743971,71.393059,Rajasthan
516,Bharatpur,2.1,171,2.9845130209103035,27.213921,77.500799,Rajasthan
517,Bhilwara,1.9,249,4.345869837,25.347483,74.637973,Rajasthan
518,Bikaner,2.3,266,4.642575810304916,28.016543,73.317199,Rajasthan
519,Bundi,1.6,227,3.961897402027128,25.442985,75.643423,Rajasthan
520,Chittorgarh,1.7,245,4.276056667386108,24.8887,74.6269,Rajasthan
521,Churu,2.1,231,4.031710572106901,28.300078,74.966601,Rajasthan
522,Dausa,1.5,207,3.612831551628262,26.8911,76.3314,Rajasthan
523,Dholpur,2.1,178,3.1066860685499065,26.6958,77.8934,Rajasthan
524,Dungarpur,3,219,3.822271061867582,23.837104,73.716702,Rajasthan
525,Hanumangarh,2,150,2.6179938779914944,29.5894,74.3129,Rajasthan
526,Jaipur,1.9,219,3.822271061867582,26.914736,75.810664,Rajasthan
527,Jaisalmer,2.4,263,4.590215932745087,26.911481,70.91459,Rajasthan
528,Jalore,1.9,240,4.1887902047863905,25.3407,72.6267,Rajasthan
529,Jhalawar,1.9,255,4.4505895925855405,24.592312,76.165807,Rajasthan
530,Jhunjhunu,1.8,238,4.153883619746504,28.1289,75.3995,Rajasthan
531,Jodhpur,3,247,4.310963252425994,26.279624,73.022778,Rajasthan
532,Karauli,1.9,212,3.7000980142279785,26.4957,77.0142,Rajasthan
533,Kota,1.8,242,4.223696789826278,25.179993,75.846204,Rajasthan
534,Nagaur,2.6,255,4.4505895925855405,27.200302,73.736974,Rajasthan
535,Pali,2.4,261,4.555309348,25.777043,73.322215,Rajasthan
536,Pratapgarh,3.4,253,4.4156830075456535,25.93741,81.995137,Rajasthan
537,Rajsamand,1.7,281,4.904375198104066,25.0654,73.8864,Rajasthan
538,Sawai Madhopur,1.8,227,3.961897402027128,25.987844,76.381194,Rajasthan
539,Sikar,2,239,4.171336912266447,27.610617,75.147048,Rajasthan
540,Sirohi,1.6,265,4.625122517784973,24.89138,72.857774,Rajasthan
541,Tonk,1.9,218,3.8048177693476384,26.171361,75.788097,Rajasthan
542,Udaipur,2,236,4.118977034706618,24.585424,73.686924,Rajasthan
543,Gangtok,2.3,282,4.9218284906240095,27.3314,88.6138,Sikkim
544,Mangan,2.7,322,5.619960191421741,27.505,88.5204,Sikkim
545,Namchi,1.3,17,0.29670597283903605,27.1682,88.3582,Sikkim
546,West Sikkim,1.9,77,1.3439035240356338,27.1636,88.2713,Sikkim
547,Ariyalur,3.7,186,3.246312408709453,11.1389,79.0747,Tamil Nadu
548,Chengalpattu,3.8,193,3.368485456349056,12.6841,79.9836,Tamil Nadu
549,Chennai,2.6,202,3.5255650890285457,13.074737,80.267689,Tamil Nadu
550,Coimbatore,2,229,3.9968039870670147,10.994743,76.96688,Tamil Nadu
551,Cuddalore,4.8,192,3.351032163829113,11.75553,79.762325,Tamil Nadu
552,Dharmapuri,2.2,218,3.8048177693476384,12.134803,78.161203,Tamil Nadu
553,Dindigul,2,210,3.6651914291880923,10.361936,77.968908,Tamil Nadu
554,Erode,1.5,226,3.944444109507185,11.334348,77.72772,Tamil Nadu
555,Kallakurichi,2.4,176,3.071779484,11.7384,78.9639,Tamil Nadu
556,Kancheepuram,2.4,174,3.036872898470133,12.834822,79.715697,Tamil Nadu
557,Kanniyakumari,4.8,202,3.5255650890285457,8.175865,77.440953,Tamil Nadu
558,Karur,1.4,238,4.153883619746504,10.9601,78.0766,Tamil Nadu
559,Krishnagiri,1.8,224,3.9095375244672983,12.533802,78.228528,Tamil Nadu
560,Madurai,3,187,3.263765701229396,9.924937,78.129356,Tamil Nadu
561,Nagapattinam,5.6,208,3.6302848441482056,10.7672,79.8444,Tamil Nadu
562,Namakkal,1.6,225,3.9269908169872414,11.2189,78.1674,Tamil Nadu
563,Perambalur,3.2,187,3.263765701229396,11.243109,78.866417,Tamil Nadu
564,Pudukkottai,4,187,3.263765701229396,10.383944,78.81216,Tamil Nadu
565,Ramanathapuram,6,196,3.420845333908886,9.363516,78.840969,Tamil Nadu
566,Ranipet,1.8,171,2.9845130209103035,12.9275,79.333,Tamil Nadu
567,Salem,2.1,221,3.857177646907468,11.65821,78.152968,Tamil Nadu
568,Sivaganga,4.3,186,3.246312408709453,9.860311,78.481581,Tamil Nadu
569,Tenkasi,1.9,220,3.839724354387525,8.9591,77.3151,Tamil Nadu
570,Thanjavur,3.9,186,3.246312408709453,10.785111,79.138403,Tamil Nadu
571,The Nilgiris,2.6,263,4.590215932745087,11.415521,76.705867,Tamil Nadu
572,Theni,1.8,225,3.9269908169872414,9.999588,77.464364,Tamil Nadu
573,Thiruvallur,2.2,171,2.9845130209103035,13.153773,79.915219,Tamil Nadu
574,Thiruvarur,4.7,193,3.368485456349056,10.780886,79.626455,Tamil Nadu
575,Thoothukkudi,5.2,184,3.2114058236695664,8.810166,78.148882,Tamil Nadu
576,Tiruchirappalli,2.8,193,3.368485456349056,10.82225,78.681043,Tamil Nadu
577,Tirunelveli,3.4,160,2.792526803190927,8.730059,77.692464,Tamil Nadu
578,Tirupathur,1.9,215,3.7524578917878086,12.4894,78.5676,Tamil Nadu
579,Tiruppur,1.6,238,4.153883619746504,11.1085,77.3411,Tamil Nadu
580,Tiruvannamalai,1.8,179,3.124139361,12.233386,79.07432,Tamil Nadu
581,Vellore,1.4,175,3.0543261909900767,12.909641,79.139241,Tamil Nadu
582,Viluppuram,3.8,181,3.1590459461097367,11.936979,79.487333,Tamil Nadu
583,Virudhunagar,2.7,186,3.246312408709453,9.594003,77.952743,Tamil Nadu
584,Adilabad,2,249,4.345869837,19.663259,78.555315,Telangana
585,Bhadradri Kothagudem,1.3,356,6.213372137099813,17.554,80.6179,Telangana
586,Hanumakonda,2.2,335,5.846852994181004,18.0125,79.5606,Telangana
587,Hyderabad,2.5,284,4.956735075663896,17.399667,78.488244,Telangana
588,Jagitial,1.5,256,4.468042885105484,18.7915,78.9111,Telangana
589,Jangaon,2.1,312,5.445427266222308,17.72,79.16,Telangana
590,Jayashankar Bhupalapally,1.5,269,4.694935687864747,18.4326,79.8519,Telangana
591,Jogulamba Gadwal,2.5,282,4.9218284906240095,16.2327,77.9427,Telangana
592,Kamareddy,2.7,297,5.183627878423159,18.3204,78.3314,Telangana
593,Karimnagar,2,277,4.834562028024293,18.431912,79.144791,Telangana
594,Khammam,1.3,291,5.078908123303499,17.245344,80.140567,Telangana
595,Kumuram Bheem Asifabad,1.8,222,3.8746309394274117,19.3554,79.29,Telangana
596,Mahabubabad,1.6,326,5.689773361501515,17.595,80.005,Telangana
597,Mahabubnagar,3,273,4.764748858,16.7431,77.9942,Telangana
598,Mancherial,1.7,228,3.9793506945470716,18.868,79.4357,Telangana
599,Medak,2.8,295,5.1487212933832724,17.625811,78.082342,Telangana
600,Medchal Malkajgiri,2.7,286,4.991641660703783,17.4816,78.5414,Telangana
601,Mulugu,1.4,318,5.550147021341968,18.2048,79.9405,Telangana
602,Nagarkurnool,2.4,271,4.729842272904633,16.4858,78.3346,Telangana
603,Nalgonda,1.8,280,4.886921905584122,17.061325,79.267503,Telangana
604,Narayanpet,2.8,278,4.852015320544236,16.7344,77.4977,Telangana
605,Nirmal,1.8,256,4.468042885105484,19.0964,78.3414,Telangana
606,Nizamabad,2.1,288,5.026548245743669,18.654235,78.09389,Telangana
607,Peddapalli,1.9,253,4.4156830075456535,18.6154,79.3831,Telangana
608,Ranga Reddy,3.1,280,4.886921905584122,17.3,78.1,Telangana
609,Ranjanna Sircilla,2.1,290,5.061454830783556,18.3846,78.8471,Telangana
610,Sangareddy,2.7,291,5.078908123303499,17.6132,78.0805,Telangana
611,Siddipet,2.9,299,5.218534463463046,18.1018,78.852,Telangana
612,Suryapet,1.7,289,5.044001538263612,17.135,79.6241,Telangana
613,Vikarabad,3.1,282,4.9218284906240095,17.33,77.9,Telangana
614,Wanaparthy,2.5,276,4.817108735504349,16.3622,78.0617,Telangana
615,Warangal (Rural),2.2,338,5.899212871740834,17.9689,79.5884,Telangana
616,Yadadri Bhuvanagiri,1.9,288,5.026548245743669,17.5108,78.8872,Telangana
617,Dhalai,1,236,4.118977034706618,23.8953,91.9056,Tripura
618,Gomati,1.6,208,3.6302848441482056,23.5165,91.49,Tripura
619,Khowai,1.2,228,3.9793506945470716,24.0623,91.6052,Tripura
620,North Tripura,0.9,270,4.71238898,24.342116,92.017914,Tripura
621,Sepahijala,1.7,203,3.543018381548489,23.636,91.3195,Tripura
622,South Tripura,1.6,211,3.6826447217080354,23.53045,91.485363,Tripura
623,Unakoti,1.2,243,4.241150082346221,24.2248,92.0084,Tripura
624,West Tripura,1.6,206,3.595378259108319,23.827795,91.274175,Tripura
625,Agra,2.4,170,2.9670597283903604,27.17568,78.008109,Uttar Pradesh
626,Aligarh,2.4,157,2.7401669256310974,27.875204,78.068216,Uttar Pradesh
627,Ambedkar Nagar,2.6,124,2.1642082724729685,26.4462,82.5414,Uttar Pradesh
628,Amethi,2.6,138,2.4085543677521746,26.1582,81.8024,Uttar Pradesh
629,Amroha,2.7,139,2.426007660272118,28.9048,78.4674,Uttar Pradesh
630,Auraiya,2.4,165,2.8797932657906435,26.469,79.5085,Uttar Pradesh
631,Ayodhya,2.6,131,2.2863813201125716,26.7922,82.1998,Uttar Pradesh
632,Azamgarh,2.5,121,2.111848394913139,26.053641,83.181213,Uttar Pradesh
633,Baghpat,2.3,153,2.670353755551324,28.94,77.22,Uttar Pradesh
634,Bahraich,2.2,148,2.5830872929516078,27.577746,81.598143,Uttar Pradesh
635,Ballia,2.3,118,2.059488517353309,25.760427,84.155791,Uttar Pradesh
636,Balrampur,2,152,2.652900463031381,27.4326,82.1802,Uttar Pradesh
637,Banda,2,154,2.6878070480712677,25.467372,80.325071,Uttar Pradesh
638,Bara Banki,2.5,143,2.4958208303518914,26.92,81.18,Uttar Pradesh
639,Bareilly,2.6,146,2.548180707911721,28.361856,79.419697,Uttar Pradesh
640,Basti,2.5,120,2.0943951023931953,26.801568,82.758574,Uttar Pradesh
641,Bhadohi,2.1,113,1.9722220547535925,25.3906,82.57,Uttar Pradesh
642,Bijnor,2.2,146,2.548180707911721,29.379583,78.13407,Uttar Pradesh
643,Budaun,2.9,151,2.6354471705114375,28.034404,79.124138,Uttar Pradesh
644,Bulandshahar,2.5,147,2.5656340004316642,28.4062,77.8498,Uttar Pradesh
645,Chandauli,1.9,96,1.6755160819145565,25.2662,83.2642,Uttar Pradesh
646,Chitrakoot,1.8,121,2.111848394913139,25.1747,80.8524,Uttar Pradesh
647,Deoria,2.3,119,2.076941809873252,26.500556,83.783389,Uttar Pradesh
648,Etah,2.7,161,2.8099800957108707,27.55673,78.657582,Uttar Pradesh
649,Etawah,2.4,167,2.914699851,26.77697,79.025561,Uttar Pradesh
650,Farrukhabad,2.7,154,2.6878070480712677,27.367541,79.635106,Uttar Pradesh
651,Fatehpur,2.3,154,2.6878070480712677,25.927961,80.817369,Uttar Pradesh
652,Firozabad,2.6,170,2.9670597283903604,27.142217,78.398303,Uttar Pradesh
653,Gautam Buddha Nagar,2.2,143,2.4958208303518914,28.4671,77.5138,Uttar Pradesh
654,Ghaziabad,2.2,145,2.530727415391778,28.660255,77.445653,Uttar Pradesh
655,Ghazipur,2.2,117,2.0420352248333655,25.586118,83.581496,Uttar Pradesh
656,Gonda,2.3,144,2.5132741228718345,27.133796,81.962471,Uttar Pradesh
657,Gorakhpur,2.3,111,1.9373154697137058,26.759828,83.370935,Uttar Pradesh
658,Hamirpur,2.3,160,2.792526803190927,31.672705,76.521404,Uttar Pradesh
659,Hamirpur,2.3,160,2.792526803190927,25.959941,80.117055,Uttar Pradesh
660,Hapur,2.6,142,2.478367537831948,28.7306,77.7759,Uttar Pradesh
661,Hardoi,2.6,148,2.5830872929516078,27.395551,80.127149,Uttar Pradesh
662,Hathras,2.4,164,2.8623399732707004,27.5956,78.0538,Uttar Pradesh
663,Jalaun,2.2,162,2.827433388230814,25.989945,79.454191,Uttar Pradesh
664,Jaunpur,2.4,125,2.181661564992912,25.748744,82.687741,Uttar Pradesh
665,Jhansi,2.1,174,3.036872898470133,25.462975,78.57546,Uttar Pradesh
666,Kannauj,2.6,156,2.722713633111154,27.0505,79.9141,Uttar Pradesh
667,Kanpur Dehat,2.4,160,2.792526803190927,26.375967,79.955267,Uttar Pradesh
668,Kanpur Nagar,2.5,155,2.705260340591211,26.461855,80.344194,Uttar Pradesh
669,Kasganj,2.8,157,2.7401669256310974,27.8048,78.6473,Uttar Pradesh
670,Kaushambi,2,134,2.3387411976724017,25.534,81.3782,Uttar Pradesh
671,Kheri,2.2,145,2.530727415391778,27.947796,80.788432,Uttar Pradesh
672,Kushinagar,2.2,143,2.4958208303518914,26.7406,83.8872,Uttar Pradesh
673,Lalitpur,1.8,219,3.822271061867582,24.691585,78.418609,Uttar Pradesh
674,Lucknow,2.5,147,2.5656340004316642,26.83323,80.943614,Uttar Pradesh
675,Mahoba,2.1,153,2.670353755551324,25.2913,79.8712,Uttar Pradesh
676,Mahrajganj,2.2,100,1.7453292519943295,27.15,83.56,Uttar Pradesh
677,Mainpuri,2.7,163,2.8448866807507573,27.229325,79.049369,Uttar Pradesh
678,Mathura,2.2,165,2.8797932657906435,27.494256,77.684411,Uttar Pradesh
679,Mau,2.4,122,2.129301687433082,25.947961,83.561419,Uttar Pradesh
680,Meerut,2.6,144,2.5132741228718345,28.986554,77.70386,Uttar Pradesh
681,Mirzapur,1.8,101,1.7627825445142729,25.143896,82.562668,Uttar Pradesh
682,Moradabad,2.6,138,2.4085543677521746,28.832848,78.780652,Uttar Pradesh
683,Muzaffarnagar,2.2,150,2.6179938779914944,29.471716,77.700412,Uttar Pradesh
684,Pilibhit,2.2,146,2.548180707911721,28.634994,79.812128,Uttar Pradesh
685,Pratapgarh,2.4,136,2.3736477827122884,25.93741,81.995137,Uttar Pradesh
686,Prayagraj,2.1,128,2.234021442552742,25.4358,81.8463,Uttar Pradesh
687,Rae Bareli,2.5,143,2.4958208303518914,26.231689,81.230631,Uttar Pradesh
688,Rampur,2.5,137,2.3911010752322315,28.791807,79.029148,Uttar Pradesh
689,Saharanpur,1.7,154,2.6878070480712677,29.965049,77.553476,Uttar Pradesh
690,Sambhal,2.8,143,2.4958208303518914,28.5903,78.5522,Uttar Pradesh
691,Sant Kabir Nagar,2.4,114,1.9896753472735358,26.7323,83.1028,Uttar Pradesh
692,Shahjahanpur,2.7,149,2.600540585471551,27.871092,79.908609,Uttar Pradesh
693,Shamli,2.4,145,2.530727415391778,28.7754,77.2946,Uttar Pradesh
694,Shrawasti,1.8,166,2.897246558310587,27.5113,81.8411,Uttar Pradesh
695,Siddharthnagar,2.1,117,2.0420352248333655,27.246253,83.066141,Uttar Pradesh
696,Sitapur,2.4,143,2.4958208303518914,27.563585,80.686343,Uttar Pradesh
697,Sonbhadra,2,110,1.9198621771937625,24.687697,83.069029,Uttar Pradesh
698,Sultanpur,2.6,135,2.356194490192345,26.262349,82.073784,Uttar Pradesh
699,Unnao,2.5,153,2.670353755551324,26.545632,80.489814,Uttar Pradesh
700,Varanasi,2,105,1.8325957145940461,25.325043,82.975165,Uttar Pradesh
701,Almora,2.2,234,4.084070449666731,29.603844,79.665557,Uttarakhand
702,Bageshwar,2.5,208,3.6302848441482056,29.842812,79.770905,Uttarakhand
703,Chamoli,2,239,4.171336912266447,30.401381,79.331112,Uttarakhand
704,Champawat,2.3,203,3.543018381548489,29.333337,80.103959,Uttarakhand
705,Dehradun,1.8,239,4.171336912266447,30.325264,78.041576,Uttarakhand
706,Haridwar,1.7,211,3.6826447217080354,29.9457,78.1642,Uttarakhand
707,Nainital,2.1,225,3.9269908169872414,29.380565,79.470524,Uttarakhand
708,Pauri Garhwal,1.9,260,4.537856055185257,30.151,78.7818,Uttarakhand
709,Pithoragarh,2.3,199,3.473205211468716,29.583696,80.203698,Uttarakhand
710,Rudraprayag,1.8,234,4.084070449666731,30.2851,78.9819,Uttarakhand
711,Tehri Garhwal,1.9,235,4.101523742186674,30.376102,78.498598,Uttarakhand
712,Udham Singh Nagar,1.9,153,2.670353755551324,28.9861,79.4124,Uttarakhand
713,Uttarkashi,2.1,241,4.2062434973063345,30.715986,78.430542,Uttarakhand
714,Alipurduar,1.4,217,3.7873644768276953,26.4919,89.5271,West Bengal
715,Bankura,2.9,162,2.827433388230814,23.249965,87.061434,West Bengal
716,Birbhum,2.6,164,2.8623399732707004,23.908735,87.534251,West Bengal
717,Cooch Behar,1.5,223,3.8920842319473548,26.3452,89.4482,West Bengal
718,Dakshin Dinajpur,1.9,162,2.827433388230814,25.2224,88.231,West Bengal
719,Darjeeling,1.3,99,1.7278759594743862,27.041,88.2627,West Bengal
720,Hooghly,2.2,176,3.071779484,22.903,88.3888,West Bengal
721,Howrah,2.3,177,3.0892327760299634,22.5851,88.3107,West Bengal
722,Jalpaiguri,1.5,206,3.595378259108319,26.527845,88.719039,West Bengal
723,Jhargram,2.7,165,2.8797932657906435,22.4506,86.9831,West Bengal
724,Kalimpong,1.4,218,3.8048177693476384,27.0667,88.4667,West Bengal
725,Kolkata,2.3,177,3.0892327760299634,22.548783,88.39894,West Bengal
726,Malda,2.2,153,2.670353755551324,25.0108,88.1411,West Bengal
727,Murshidabad,2.6,170,2.9670597283903604,24.100513,88.278789,West Bengal
728,Nadia,2.4,174,3.036872898470133,23.418592,88.504458,West Bengal
729,North 24 Parganas,2.5,178,3.1066860685499065,22.721,88.4871,West Bengal
730,Paschim Bardhaman,2.7,161,2.8099800957108707,23.6814,86.9941,West Bengal
731,Paschim Medinipur,2.8,165,2.8797932657906435,22.4257,87.3199,West Bengal
732,Purba Bardhaman,2.7,173,3.019419606,23.2324,87.8633,West Bengal
733,Purba Medinipur,2.7,173,3.019419606,22.2133,87.8967,West Bengal
734,Purulia,2.6,151,2.6354471705114375,23.332,86.3652,West Bengal
735,South 24 Parganas,2.4,175,3.0543261909900767,22.1352,88.3985,West Bengal
736,Uttar Dinajpur,2.1,137,2.3911010752322315,25.609131,88.125952,West Bengal
